ohboy.voi.algo,ZVFJODKUHQCSFVGRJIF3CSU2AAU2AM56SQPIY24ODHP3ZQFVGPUPDCAFGQ
31337.voi.algo,ZTKWC6BD2ALUEM5A7L7MBG43D3YHGXFHNI4YD4763PQAKBZMTYK5DKFXKA
stut.voi.algo,ZRXL2X24SVVFZAVIMMDH6UIITHK2ULDXZB4OCEI6J3VNRSE44DJWYYYX7Y
thewatcher.voi.algo,ZLR5AMYIJDUF3TNR5AA55TWOYP2LFBAFZKH3WMSPZ6JBLR6ONJPAOUJJIE
officialbork.voi.algo,ZLPBZKQ7QGON3DWLALHQQNKCZ464PMKZSRQGMHRBTKQBQK27LG325MGNV4
bitshiftmod.voi.algo,ZJH2W6EUELASJOUFBVFTROFGP3COVDPZTMBZHWRMTGEJYEHQVGAHMGWMUY
popbot.voi.algo,ZJATDHDBNIFVNIGFC2PHKBTXSC7NE4NUI4V2L4ZYRQ7CKOEYGVZBXUUQRU
shaperofentropy.voi.algo,ZJ6OSTUTAM5NCA7ZLBOWGTPBQZ2E73CQA6JJRL5O6VOOQ5QGQUCDA5FPUQ
algowifi.voi.algo,Z2PBUFNMHB6EHHIH3LOBFGPMES3MT73H6BN7DZALEVDQFGHDWZAL6PL65M
aust.voi.algo,YKQQ2WDIAWHI6G37R4KBGJBN7CJFO3ZBE5YSWLD5VFBEB3N6RHR3IPHCTU
send.voi.algo,XVDVPYKTBLQWI3UUVEQIKHPBAT44A6NLP4JTARAJEKT7EY5N4GIOL64SEA
matzalkema.voi.algo,XD3XJNPY26YPBZUQCNDNHT2THCROXRIXOWPFW426PAGJZR2FACLT4DZAMA
swish.voi.algo,WYWIXQKCQGH3323QWZIZRO7SNT7KMQ4CEKAJQMJOD4H4AHBQL5LHA3YQZY
pay.voi.algo,WLEWNHMVSVE6EGMMN7FT6N5K2ZLLXSZIOKNANJFLSTER5JNNWNLSYSBFDM
101.voi.algo,WJI3BDYLP7YZMU5GDOAGQIY3NSWBIYB5ZZPSWSS7A7F72XESSJNA4HSGFY
d4o.voi.algo,WG5O5FW7CXP2NIX23YF4MUKK7VCXAQFLTCGR4J2OXZZV52VFQOLQJ3I3IM
algolearner.voi.algo,VOIWW3ZUNNMT5N6NTDFKA6PCMGCQC4SRKILN3EVDGY6RNJ2M5JOS2PQWDM
wilder.voi.algo,VOIUK3B5KQXVMVMYMLZOELHNABRKV27BP3CZRIK2ZCF7HEFP4F6APX76NM
ian.voi.algo,VOINSBBMIQBNTGSERFOOT6PZUMC3OPOEGOVFK6S4TSJUMUVFAD4WVD75QA
stake.voi.algo,VOINOTFUHAR3NYQQHRP34DJ6KIJH3SFPCXUIXXU3IKWHHY6DY4WWJP44IM
nfts.voi.algo,VOINFTJPWAIJSN4KDHADMPPCYUQRDXBUWTPY52V6JPJKFIHAOE6XWI57R4
max.voi.algo,VOIBTFTHE2BJEPCWGBCXZJ2F3TGW4KKPUCWHMOK2PI7LEBV4EBSIB2OWX4
cryptoluke.voi.algo,VOI3FIIWSG232AQWKKQHQO5YJMR2ESTPBPEYJXZOUHJITHVE4GKFX7YRAU
mainnet.voi.algo,VMZOK2AOWCQB5VLY34J5TWW32VJLYXHXVLLIGJ4FXSJCSAM6ST2EVWZBXI
velterity.voi.algo,VJYOI6CNVHUWED5QHS2WGL2MXKBSRYHRKVJTA24QG7AV2M7QKO7UUQDZEI
cantforkthisalgo.voi.algo,VFR4XCDMAXMDL2EPK5E6XSQOETSXVD5EKIIDNWFWVNMRPC6G4LGH6AKSHY
vip.voi.algo,V5XKR23A4WDK2FCXBMMKA6ZT2PG44IDE3YXM3IF24A3Z6ODSTMYD3O37VE
king.voi.algo,UYN332CM6YTIPCT3PRHT52CYILSZLLNI2XJ6XIJYNDQE22PNPPXKSK4POE
vince.voi.algo,UVHDRK5JQXQNIG4IWMGOPJIYVYQQKIMGAZR732KFRDBJHBFPA5N5BCHVB4
fozzyy.voi.algo,UTKGGMZLS7GI7ZX7PNEKPQNAVFWNG7RIPDGU6A7TGRRZPUNYSHDWNVCVNQ
schmidtty.voi.algo,UR6PS25UX62JPWS5OKZBNUJ5ACNLPOK2BQYYNVSYLTL4QA6JQC6CLZKJRA
sighnftvault.voi.algo,U7RO5G36ZAC7D2WYCS5K3IC55F7U3KNF42BH6SBKOND7CBHUOLMACBAMME
dondoangaja.voi.algo,U6U4I3UGAU6U4FQJHYL7SKKNDSCKDXQ42HM2PYXX6YEO4V7HHSU4NSIUTQ
ocean.voi.algo,U6G4Z4R3EBTI3B4PGCUZR34CYMGAGB4BOXE6NN3BNFG2X4LN2WJUHWAVLM
whattheslark.voi.algo,TWB2YXI5NNLQJEMTZPZGBJTU3ZTENEI7IXGQMZMK5GUW3YNT2QW7G3MY4A
grzracz.voi.algo,TINYGRZLXA3SNQ5LF4BCPKVUGPBC6VCVQB2O7KBAP7AXPE2NMX5RSJM5NE
mj.voi.algo,TIGER4VK5MHK2TIE2DLV5LQSJLZQROKY4H5VC3HXNTMDOPPMSPKKS4TK44
thewiz.voi.algo,THEWIZQBT43SGS2ZA5LFIEHOIO73L7TLUT543V5STHX66EA2GZI4B6RVZY
gold.voi.algo,TDWVQ6PJPKRE57JGMBLAGBEKKYSEZZAGQRDL5TW2J34CE7JGN7OMFAINJQ
tako.voi.algo,T4J637F37KF3KWWDDRONBTBXCWP676YPSA7HKHFN6RV32WCNAWHSB23RX4
rocket.voi.algo,SS5CMWWAJOXEFNN5O6X675VSHK56ZHFDBOWGRRG3E4RI7V3IHICEYNMONE
feli.voi.algo,SRJKKI3Y2L63PBC2VYB3XLJSNXCPVADXJNXI5IP5RLZ5J2JJDPFR5HCXQY
chuck.voi.algo,SLRJAHBLQLNKM6A4WL5QM5VQ3PA2K4K3KU2EJHIIDIRMPR7VBUJSDTVC6U
caleb.voi.algo,SFNBQX7WRSLD3H6VRPTPZSQ3KY4GKJBEP4XX3ZEJQTAQFP7OEOUZQBFPVU
leakz.voi.algo,S5TF6JRGUGAZW5TVJIJLW2NLMIVIHLEFWIBUD2G4MJUKMRX2AO7AFPMODA
rydo.voi.algo,RYDOEMPIHEMTA27KJCVGAFPQJPAV2BJDM2NCOVF5HEXEEVISE2JEA3TPTM
heliosdata.voi.algo,RR2PONFQCS3CBOT5MMORDTQU47BDH7WIK2MKHVSXOV22SPQU4TOCFAPFIU
gary.voi.algo,RP7ZUEGL7WJHMYXZQ2WUAQ2VODWVEFRFLAT6CRIJGUUEJA7WBAOWEATKIA
rob.voi.algo,RJZ3M7EUNXF7SPZGLKXAQ3WBF6KJKA5JQ7NEOVCYOTGYDNJANLVQD3EFKI
leslie.voi.algo,RCN4XS53BDBHG76TDMIHUGSXGXRIBS3YKYCDYYK7NUERX6XLFOLFZCCCHI
ariefz.voi.algo,QTR37QAJR2NWO3WKL4JJHBI5UUYF75PFEK3MR4X6YBPBEP32BCBFJMGJHU
henrik.voi.algo,QLK3XHTBVBZ6ZZ52HUMXRIFWEGMDVYQJJL5YKNGGIWVS542DY3QP2W7HDA
xarmian.voi.algo,PTDHJDTOQQUMZPUVLRL27XERLKBGZPVS7ESS7VD7OFSKY7KH4PAE5ZHTVQ
gm.voi.algo,PMV2PV57NAJP33J5IW47OPR3H4ITAW53UONN72F6O5PIBSH3AY3EYTMABU
h2p.voi.algo,PIN57KE5EU7NKHERL4MDS46GJWNE6RPUH2SLQEK7BAXRKMZC3RLIGV5LO4
easytiger.voi.algo,PEACET4BV4AIUMZT2EHXPI5PR6NT6HKPA2FNLOMS2NILIUKRPTYAGVG7IQ
henry.voi.algo,PDULDGLC6UTJMM7CUTH77YYNRJMH4VEYIYTPMSIOHAJRYHDSFTX7ZAR73A
firstclass.voi.algo,PAWKO2WLERN4JNQNRA6VD3TEXTUFBVQ3SC3Y5JR6EFLW3EDGZI4WQVFXRQ
mut.voi.algo,P4TIB6ZU2GVOWT2RLQ3IAZU43OJAPLNJ6UH2L3Q4BGIFB35YPQS2YGKN6A
orad.voi.algo,ORADHH6KFY7A6JUTVVH4SHVUY7MXDWPTROSXHMWVJMWUFS6IKO5KASYOYE
node.voi.algo,OOOOJAKNYKB6HHS4RY5RHT2ADJ42BK5UAP57C2FJJCX5ZQBYAX6ZYW656Y
409.voi.algo,OJMRO6OGTQR4GMOKU7GMRQMAQ6OWNLAJAMPIRILWNOSMV2CKXCOY76S42E
morpheus.voi.algo,O3YNTKA62HVD4KY6NYU72RVOG2HO23SSCGNGILMJAIV4Y3NQKUN4NV7PYU
enabler.voi.algo,NX3AMND346WV5GRBXYXIX6U5LTKLIZYN3W3YBCXXIMM3K7YXZWSVPNUO5M
kenrickfelix.voi.algo,NS2S3WF2GH264TMDQKNA3ADOBYG6UKBIOVDRJEDHPVFN4DOF6M4PO6JUW4
nor.voi.algo,NORVOI324M6ME7ECXBOXAHWIYKV5EM335OGA7S6KVHBQFXXZ7FYVWIB2T4
jody.voi.algo,N6AHTV6CXJZSUHU6VBZOT37ATLUIGR3IBBBPQHCFJSH5WOOAJVJDOGPSJM
dan.voi.algo,N3XESCK557YDOMBAVT5Q5KOOJCFAPR7XM5DNHXSJE4MT63GCY6H5C37BUA
jalgoman.voi.algo,MV2JQVTOXBQ6RGPKR6YC5EC2XPC3DQBOA2APY3LKYNSZCZ36J7RP7N6FR4
hunger4crypto.voi.algo,MULILZCPNVCE3DZHTIWY4B2SDY2H3U2QN6KWZFFSS6JSFU6FWZFSXO3BBM
patrick.voi.algo,MQ2QJHZSZ6A7ZXPFE2EPIWLYUMRRDO3DQBEO6NIQ2B5A5OJ4VMWOOI2AX4
blaze.voi.algo,MKVZO3CKMZGPN3TTTAAVXHPUHCSXBGJG2DTHBU2AVLE7I3MRIOLBI6ZW2Y
gov.voi.algo,MIYXQAGY2KB7MLOGJVJ6NOXNTGNVRJSDD6U62XJVQCPE5OCYUTNLJDEUGI
wompcrew.voi.algo,MIUTJD7OPBSWNJDM75Y676U4FJAFZLEP5PZLUNXDUMFZP2UQO7WEZ7C4MQ
blessed4aday.voi.algo,MIH3IBXNLWUCZKEXOWDA4XIP2XNPVKOH7CBPMP42I4EHIFJFC2KJAILNQU
supersynapse.voi.algo,MFTBL5PMQYTHTH2XGDC47QJF3OVO7K25KIXZ7TMRFSLKL7HAOAXZ2473LM
james.voi.algo,LZTWSOM5DQ6FI2KQ63EK6BERE3P7V6IFKHIHDXWUJUTURN4CR7DPEYW5BI
null.voi.algo,LMDGOUWPZXLTCQUV3YRLJ6BV3RFNIWGZVENV7HDL4I5WKRKLIJK2PSHIBA
tutu.voi.algo,LJIPYURT7GCGPZ7XMBGGRIIFDIJO4EZ2MRSPUI4T65H6HBQWOJYWBMD6JY
lion.voi.algo,LIONS6PJKO5GEIAW5IL2XANQLR6L3GJ4F75VUJN3Q53RJAID4PGJZQG4OU
lens.voi.algo,LENSGH2LLBKUFJFE7RHERTGTKLZQAUZDNJHDCNHWVYWV2RFPETU72PMOEM
jbekker.voi.algo,LDFCBONEO2KKOWOIJOVB3IBCRTLFBJKWWOCLDVVBWGWWHVNIHC72AMGABU
myprecious.voi.algo,LCWXOW3IVLWGNIVX5EFI2CZ2HBTZT23JIVMGARL63MKAK7GNZMLN4LHGAQ
mochanerd.voi.algo,L7RF6SLJVI4YSKNRGYBMXVQUVXWRPEEJMXJBTCTYMVGCZGU7P7GM6UUTY4
cody.voi.algo,L7C2IEQPYFZFPQ5RYTGOEQH46UKTTA42BICJFN72ZLCVHR4X4TVBJTFDLM
morph.voi.algo,L3FOGNZ3ZIKKFAZY2ZS54W7AKJ36FRL6YB2KWATAUX54UNTNGU7J2IQDNU
echo.voi.algo,KRGQTWOEDRJ7476DIORQDSLUZMJLHPQ2KKGAZTNGQ6KWPI2UT3KD42EX64
kieran.voi.algo,KREOFZLBZNCFTBNY4NQQMYZHPZLCCHR66FKZ3DQPXY6BIXXL4YIS232YAU
fork.voi.algo,KGLMAWQUAAM2TN4SODB2BTKXS3LZCAMKMPWXYOYTF2LPYRORSQEMMC67HM
ponzi.voi.algo,JTLHEQGZPJ5ZSSUVZLVPQ67ELIS7JGWF7FQLPOBPS3LRDFJOBWC62EZWUE
scotty.voi.algo,JSMGXMHPZTCTYNMTLDKYXC6LOQZXOMVYKYWLAHUJGFB4I4YBXLQCDD5HUE
obri3.voi.algo,JIHNRMVUVHF4NBLLTLT6XSOGEDP3YD6KBFARFPHZRLQ3KAGDDRT6U536P4
cjthegreat.voi.algo,JGYJLWWEW72B666VUYHJZBXIKBGFS5UDZKNTZYIIJONEVSYE32E7I5RYJY
algoleaguescreator.voi.algo,IV4VQ5DW3JVUMRBXBBOAKASTAGOUXFRZPPHIC2HHSW2G4QYICNCYW2AXPU
nomad.voi.algo,IU2WHNKMMFKZP4CYUBYZIUPNO7PECZPEJSHMSXNZGIKCKM45T62YT627JU
dlight.voi.algo,ILF7OJUI4DCYSIQEBC24AFXSLMXMMYR45CWP3TD6KIZEEJ7VWXAUZQKRPU
unionworker.voi.algo,I6BQR7I3WVK2RA456KBQSFTGVTG2EALBFCXG6R23ADDO4UZOD6VULPE3ZI
iov.voi.algo,HYW3HUORRLYW3JGVDJMHS4SIIYORA3UJJYKIULOQXSN4I46H75PXTJA6IE
irl.voi.algo,HL65SEX7ERMP25UJQ4JZ6MNRCDSBILTVFDGZJXL4HYT4VUCXPJ2RQBJLMI
caterina.voi.algo,HHHDYTZ5UWAGSZZO27MAVIB7MFLACMHEZNJJFZTQSYDVP3YTHFVCC5EDSY
goonerlabs.voi.algo,H6ZAPCUQJUTCJWQFEX5Y54KLVP34Q2EZUNDEFXIPJPYAZKL676I7EREN7I
steve.voi.algo,H6NRVQ73TLXYM4JPHEMMLZPJ3VKWVDBWYNQUZ7QN2WQ4LQK42EDD5PPOHU
benedict.voi.algo,GONA4AO7R6VJZU2TSXXRCRLBCTK2KZROEGUI4XOMAI4XATZKHKSPZNHGHE
oof.voi.algo,GNOTKABPECN5HOHUW5IJLPZOEIDA7HAROOF4BY6ITWI5RJYHFPHXQ3ERVQ
glossy.voi.algo,GLOSSYXX5RTAPRAKN4VOMO3BWPKDXMRQ4FJO6DNEIF7BZC6W324VDMR5CY
gigo.voi.algo,GIGO44D3EF63JXBTIJVF4BDTJE7WHO7AGYBK4NW7E3LDK6EHU2XW7CSSVY
mark.voi.algo,GB26ATG6O3YKU4ZMF33N4SYNWIO6ZTRRY7J6RNHNDRERHQ3I7KSYCBSMNE
tank.voi.algo,G2OYAUKAEINBZ4YHUDYDDARZY3PXE7TBHN37ACIXHUPVIYWRHALO2I326E
voiboi.voi.algo,FRGIOGSXPHZZ7637DPGDDX5KLHHUUPJZQSM2JQUX4G5UHYQGYJMA2JQ5KE
moi.voi.algo,FM57GJO56QWGQM5PRLZX5WKWWS7FOM6OHY5JXZUUJQXZK7NU2UWLW5OOEU
john.voi.algo,FISHERMANBPAHXQJEBJNIMMTBVNCOTXG6TUHYXQNE64FEJRVDTO3E3A43E
fuzzy.voi.algo,FAFAEG7PPCGMQWH6656M64ONFJZHARR4FSZY774CRRR6VG4QEIOMJ4O5KU
exa.voi.algo,EXA42WJF36XWLZBTLJOVKOIOEXNL2QYHCT3HEJMFQKAAJLXAKPHXKGRLTU
livan.voi.algo,EX42AQ6AU5ZX6EUDSP6CMKBOPOM4EXUJPDURGADOPT6VQKPSG5Z2JVVOQY
scout.voi.algo,EUTCNLFQVWU6VKWEAISWUQZKWRAMEUEZ3W5HO4QSCBCG2OEN4ANCAONMXU
nfdeeznuts.voi.algo,DXGX2TJXKMO3QT5BZA2VMBTBRBHQITZH56XYCUCOXX2TDMOB2BOOETMDSM
yeyo.voi.algo,DTV3RV24NWWH2FQXMA7T6PPARR4BC5LRYV2RFEVOKN4UMSOGVLAVUQX6AQ
d13.voi.algo,DTHIRTEENNLSYGLSEXTXC6X4SVDWMFRCPAOAUCXWIXJRCVBWIIGLYARNQE
dragonfi.voi.algo,DRAGONFIBC653G2WCQCAXLLCI7XY242TD5T2N44GXMEQIMVJTWNCY35MYE
dragmz.voi.algo,DRAGMZST2EHN4RRMPWZXZ2L5VRL6CLIT22AY7ASDJ5F5WTLBK4D6XVARTU
hmnz.voi.algo,DAUUPOWQTAM5TBDNE4X4CTOHLL2TGLQHFBHA2V24TWPWMCQ645ONFHTRJ4
mozzer.voi.algo,CGXP7DEIUZWHXUW52DUTIATIGMIUWELC7MWR5UBUBIHCTMOM5JVKKBLGMI
bank.voi.algo,CDNLM2BPHVPZYLG4WRFOZHJZPUHK53LQPOMEFNN23L7PXUDDCYM243IESE
boldness.voi.algo,CAUW36XTVHXRIVWASPRZRZTZ2YBIHSVGUE3HIJFQZLOOOTK5J3A6STUI6I
dunguschang.voi.algo,BXW7SBNJU736ZOBVZ56TXZNDTQZCOGZNTMXBCYOMSAIRGTVXAELTJCX6JM
shanthi.voi.algo,BWBJ53OAF4RIJRH732IYDKFM6POSKPQNFPBSXRA7FEWSALN4NJAJMUBD6M
bambi.voi.algo,BAMBILS4ZV6VSXEECBAIQGBYPQKRFOYKNSISXQABEYQPPHVSZVOMDD47H4
tracer.voi.algo,BAC5A3M7KGTOZ65VUN6DLKUVHN4ZW36UOX37R34DRH2N44BJODZM2OSO74
lengthy.voi.algo,B5TRCMP7IDCX76LVT62DESSWYZT73KOKD3KEQTYEMN4WIADPBOZ2ZSLOYA
angel.voi.algo,ANGEL3CMT7TEXSBJR3DCTJTZCQFOF6FJB6PDKU4IOAMTNPXGR7XUYKOU5Y
moon.voi.algo,ADYPJJIQZFQZXIRU7D43U5HIH5GSYUF3VRYA5UJXHWGNMWZR23CRH7CIKY
longdo.voi.algo,ACLHNLDKRV6PFCDHVNWUENEZ56A5IBADW7ROSZPK2QB3L7KEVNMUJMCNKQ
obama.voi.algo,A7XKEAUQPDUYCSWRNSDIPTA56H4ZRXL5XWQK7VRLBL67HNYRWDGIFPTVBE
zykoz.voi.algo,A6QN7FZOMNNBJZUJHDN36Q56PYMINXAODBFON55YVQSDG2OJDWNV5EAMFA
lobo.voi.algo,7V2WR2NL2POCFGMQBQ5Y375ABLUCMMU6DTMDQK22D4CLR3PBO25D6R55CA
nshell.voi.algo,7UBGYVIHJKBIDSVZABRZSGAMN55HZSBX4MK3VBCHVM6F7OIWSGEN3Z75L4
bentogrizz.voi.algo,7T3PDNDOL77UXX7PZXYYXKUTYO4B5XGEBQYCTUARKSYN6BSTRNIJMB3SJQ
phantoms.voi.algo,7SAGEMZTLF6FWUC7IZEKVI7Q7BPQ3P7ZVDGT5UKT3WV7ST3TEHJOS4NDGY
itsmazza.voi.algo,7GGSWEHWKJBXIYZ46P5KS5T2OEUM7WBJEFJWOHKKMGQASGNTBE7HGN3GJY
aro1914.voi.algo,7EZ4JEYP2F5WUAZVQHR4F77LXZYWDJJYILIHHKXT7PGMYMBI6W4AYJSR7I
thefox.voi.algo,745QT25WZHUDJ4XDYBJRYYEONARP3EJBNMUVM2BGJKLUXKRYX4LS4WK6C4
armyids.voi.algo,6X5PCGELDAF2A7HL2D4Y6LXRP5VGOLC5FP4RLSR2FFNONYZGJA3URXXNSA
caphits.voi.algo,6QXYUNHETLLLJDNBUD4AFBZAGSAZ3WDNG3S73SXRYKXMXOBY3IDJ5M5IQQ
stango.voi.algo,6Q74W36WN35KYKWJ3TLYZKG7AVKTUQQPKF3URGFFQY4NMUWVHCDL53GRFY
jongonz.voi.algo,6IHPR2WFC3R67KMAN4FIYEUG4CCGKBG25QKPOLMHHTTDDSBTNWTC4GQ24E
tacocoin.voi.algo,6BAUSC2VDXRBL5SHYPEEJNLVQ5OMUTZBZTKDEE2F3B67FTCSLHKJBFP5XE
moo.voi.algo,5URM4YO6WI2MQ66D3XRZXSKOBMEXDCSMBIUW2RVB2LYDPATKNIX4YVJOGY
sheepshaun.voi.algo,5P27P6SKHQVNOW3Y5RRKFU5I7RLKN6UTEMGM3AAHZNGA5NVRKXQ4TY6AEE
braudel.voi.algo,5NYEGAY74EMS5GKXIRERMHNLHF4END4CEBDOHTK3H2OXFMQDBDD7S6JONM
raptoreye.voi.algo,5EIFWC25ABTARJL3G4PFPPJVYLR4OIUX3NYTUDSEGW4UFKJY4KMFXOGBPE
0.voi.algo,55KEPEFMAFCI23CFNVAX2ITROJR5FOT5HKQWOLVWQZ5LUVDWREHQONFA3U
meowgi.voi.algo,4VNSBUN4WYYEUNRVURVJCTFPGQUDUSFGGMDWU64VUGGUZHUNF747HVOJCA
buy.voi.algo,4JKEBL55T7E7IZSDR6ECR4Z4ZBA56LBZBVBZZEGNRC62XHRCLIBFJWSNB4
glizzy.voi.algo,4IIYAT5UPFR6NCN64XXSDMCFOCJQEZNXUCIT5ZOQ5HPDWVIULXMTSZDZEE
coop.voi.algo,477VEH7OPJFGHC26TGFAV4TBWZTRFTHZFBNDOJGWLHZ3PO3BH447FMTVQI
trendsetters.voi.algo,46S4IJLX4CHSLPG44CQV5KJ3O7C6VTQGTG7ZB2ZNLLHPI3756RY6SDXGGY
oracle.voi.algo,3RJFAVHRJFQMA6L5O42KFJDFAWBRCIRON4OBXXW3EECCOFXLGHSU56W3SU
nft.voi.algo,3HXKUBEEDLM6OCMRXA4ORBKHM6ISGSFB3C2BY3JBHHDIFS6QM4YYD577P4
rabidrabbit.voi.algo,3AQH2YUYNLCLLMZG7HYIFGELDEMXWDME7FKXW2MG3DBIN677YQZW7UBXHM
voice.voi.algo,34EPB32XAQCLZJV7JA4VHJYGXJMVPXYLDU2WAVTYA4SNW73AW7OMJLFLVY
trendsetters1.voi.algo,2TAGPB2A3I4POURKMBQOL6DXPJYYGGUJNCJY5VIJJJ432C7PEPPEYMDHIQ
simp1ejackk.voi.algo,2SZGTILKRO6HS2X34LZQFPOZRC3LCSSJVUZTRL7SN6GU4JYOUHZQ5BW5ZA
q.voi.algo,2LSDDBE2JBGT2LPU2MERXXMADDHPIW5JAUAVKMX5A6FUEVGTE5QDIIZAKU
oljefondet.voi.algo,26LHR3GWNBNYBNHDJL4WYMCKRP5I5GIZMNJK4URGYC4Z7QDKNCWBEZEYVA
smartpoker.voi.algo,26FGQHGGULHF2TUAYYARC62P2CEKA4JJCVD44LMDL7XIQDLKK66JX6JCBI
